,FECHA_TRANSACCION,TIEMPO,DISPOSITIVO,DIFERENCIA
0,2024-04-15,16:15:00,10000546,900.0
1,2024-04-15,16:30:00,10000546,900.0
2,2024-04-15,16:45:00,10000546,900.0
3,2024-04-15,17:00:00,10000546,900.0
4,2024-04-15,17:15:00,10000546,900.0
5,2024-04-15,17:30:00,10000546,900.0
6,2024-04-15,17:45:00,10000546,900.0
7,2024-04-15,18:00:00,10000546,900.0
8,2024-04-15,18:15:00,10000546,900.0
9,2024-04-15,18:30:00,10000546,900.0
10,2024-04-15,16:15:00,10000547,900.0
11,2024-04-15,16:30:00,10000547,900.0
12,2024-04-15,16:45:00,10000547,900.0
13,2024-04-15,17:00:00,10000547,900.0
14,2024-04-15,17:15:00,10000547,900.0
15,2024-04-15,17:30:00,10000547,900.0
16,2024-04-15,17:45:00,10000547,900.0
17,2024-04-15,18:00:00,10000547,900.0
18,2024-04-15,18:15:00,10000547,900.0
19,2024-04-15,18:30:00,10000547,900.0
20,2024-04-15,16:15:00,10000548,900.0
21,2024-04-15,16:30:00,10000548,900.0
22,2024-04-15,16:45:00,10000548,900.0
23,2024-04-15,17:00:00,10000548,900.0
24,2024-04-15,17:15:00,10000548,900.0
25,2024-04-15,17:30:00,10000548,900.0
26,2024-04-15,17:45:00,10000548,900.0
27,2024-04-15,18:00:00,10000548,900.0
28,2024-04-15,18:15:00,10000548,900.0
29,2024-04-15,18:30:00,10000548,900.0
30,2024-04-15,16:15:00,10001648,900.0
31,2024-04-15,16:30:00,10001648,900.0
32,2024-04-15,16:45:00,10001648,900.0
33,2024-04-15,17:00:00,10001648,900.0
34,2024-04-15,17:15:00,10001648,900.0
35,2024-04-15,17:30:00,10001648,900.0
36,2024-04-15,17:45:00,10001648,900.0
37,2024-04-15,18:00:00,10001648,900.0
38,2024-04-15,18:15:00,10001648,900.0
39,2024-04-15,18:30:00,10001648,900.0
40,2024-04-16,16:15:00,10000546,900.0
41,2024-04-16,16:30:00,10000546,900.0
42,2024-04-16,16:45:00,10000546,900.0
43,2024-04-16,17:00:00,10000546,900.0
44,2024-04-16,17:15:00,10000546,900.0
45,2024-04-16,17:30:00,10000546,900.0
46,2024-04-16,17:45:00,10000546,900.0
47,2024-04-16,18:00:00,10000546,900.0
48,2024-04-16,18:15:00,10000546,900.0
49,2024-04-16,18:30:00,10000546,900.0
50,2024-04-16,16:15:00,10000547,900.0
51,2024-04-16,16:30:00,10000547,900.0
52,2024-04-16,16:45:00,10000547,900.0
53,2024-04-16,17:00:00,10000547,900.0
54,2024-04-16,17:15:00,10000547,900.0
55,2024-04-16,17:30:00,10000547,900.0
56,2024-04-16,17:45:00,10000547,900.0
57,2024-04-16,18:00:00,10000547,900.0
58,2024-04-16,18:15:00,10000547,900.0
59,2024-04-16,18:30:00,10000547,900.0
60,2024-04-16,16:15:00,10000548,900.0
61,2024-04-16,16:30:00,10000548,900.0
62,2024-04-16,16:45:00,10000548,900.0
63,2024-04-16,17:00:00,10000548,900.0
64,2024-04-16,17:15:00,10000548,900.0
65,2024-04-16,17:30:00,10000548,900.0
66,2024-04-16,17:45:00,10000548,900.0
67,2024-04-16,18:00:00,10000548,900.0
68,2024-04-16,18:15:00,10000548,900.0
69,2024-04-16,18:30:00,10000548,900.0
70,2024-04-16,16:15:00,10001648,900.0
71,2024-04-16,16:30:00,10001648,900.0
72,2024-04-16,16:45:00,10001648,900.0
73,2024-04-16,17:00:00,10001648,900.0
74,2024-04-16,17:15:00,10001648,900.0
75,2024-04-16,17:30:00,10001648,900.0
76,2024-04-16,17:45:00,10001648,900.0
77,2024-04-16,18:00:00,10001648,900.0
78,2024-04-16,18:15:00,10001648,900.0
79,2024-04-16,18:30:00,10001648,900.0
80,2024-04-17,16:15:00,10000546,900.0
81,2024-04-17,16:30:00,10000546,900.0
82,2024-04-17,16:45:00,10000546,900.0
83,2024-04-17,17:00:00,10000546,900.0
84,2024-04-17,17:15:00,10000546,900.0
85,2024-04-17,17:30:00,10000546,900.0
86,2024-04-17,17:45:00,10000546,900.0
87,2024-04-17,18:00:00,10000546,900.0
88,2024-04-17,18:15:00,10000546,900.0
89,2024-04-17,18:30:00,10000546,900.0
90,2024-04-17,16:15:00,10000547,900.0
91,2024-04-17,16:30:00,10000547,900.0
92,2024-04-17,16:45:00,10000547,900.0
93,2024-04-17,17:00:00,10000547,900.0
94,2024-04-17,17:15:00,10000547,900.0
95,2024-04-17,17:30:00,10000547,900.0
96,2024-04-17,17:45:00,10000547,900.0
97,2024-04-17,18:00:00,10000547,900.0
98,2024-04-17,18:15:00,10000547,900.0
99,2024-04-17,18:30:00,10000547,900.0
100,2024-04-17,16:15:00,10000548,900.0
101,2024-04-17,16:30:00,10000548,900.0
102,2024-04-17,16:45:00,10000548,900.0
103,2024-04-17,17:00:00,10000548,900.0
104,2024-04-17,17:15:00,10000548,900.0
105,2024-04-17,17:30:00,10000548,900.0
106,2024-04-17,17:45:00,10000548,900.0
107,2024-04-17,18:00:00,10000548,900.0
108,2024-04-17,18:15:00,10000548,900.0
109,2024-04-17,18:30:00,10000548,900.0
110,2024-04-17,16:15:00,10001648,900.0
111,2024-04-17,16:30:00,10001648,900.0
112,2024-04-17,16:45:00,10001648,900.0
113,2024-04-17,17:00:00,10001648,900.0
114,2024-04-17,17:15:00,10001648,900.0
115,2024-04-17,17:30:00,10001648,900.0
116,2024-04-17,17:45:00,10001648,900.0
117,2024-04-17,18:00:00,10001648,900.0
118,2024-04-17,18:15:00,10001648,900.0
119,2024-04-17,18:30:00,10001648,900.0
120,2024-04-18,16:15:00,10000546,900.0
121,2024-04-18,16:30:00,10000546,900.0
122,2024-04-18,16:45:00,10000546,900.0
123,2024-04-18,17:00:00,10000546,900.0
124,2024-04-18,17:15:00,10000546,900.0
125,2024-04-18,17:30:00,10000546,900.0
126,2024-04-18,17:45:00,10000546,900.0
127,2024-04-18,18:00:00,10000546,900.0
128,2024-04-18,18:15:00,10000546,900.0
129,2024-04-18,18:30:00,10000546,900.0
130,2024-04-18,16:15:00,10000547,900.0
131,2024-04-18,16:30:00,10000547,900.0
132,2024-04-18,16:45:00,10000547,900.0
133,2024-04-18,17:00:00,10000547,900.0
134,2024-04-18,17:15:00,10000547,900.0
135,2024-04-18,17:30:00,10000547,900.0
136,2024-04-18,17:45:00,10000547,900.0
137,2024-04-18,18:00:00,10000547,900.0
138,2024-04-18,18:15:00,10000547,900.0
139,2024-04-18,18:30:00,10000547,900.0
140,2024-04-18,16:15:00,10000548,900.0
141,2024-04-18,16:30:00,10000548,900.0
142,2024-04-18,16:45:00,10000548,900.0
143,2024-04-18,17:00:00,10000548,900.0
144,2024-04-18,17:15:00,10000548,900.0
145,2024-04-18,17:30:00,10000548,900.0
146,2024-04-18,17:45:00,10000548,900.0
147,2024-04-18,18:00:00,10000548,900.0
148,2024-04-18,18:15:00,10000548,900.0
149,2024-04-18,18:30:00,10000548,900.0
150,2024-04-18,16:15:00,10001648,900.0
151,2024-04-18,16:30:00,10001648,900.0
152,2024-04-18,16:45:00,10001648,900.0
153,2024-04-18,17:00:00,10001648,900.0
154,2024-04-18,17:15:00,10001648,900.0
155,2024-04-18,17:30:00,10001648,900.0
156,2024-04-18,17:45:00,10001648,900.0
157,2024-04-18,18:00:00,10001648,900.0
158,2024-04-18,18:15:00,10001648,900.0
159,2024-04-18,18:30:00,10001648,900.0
160,2024-04-19,16:15:00,10000546,900.0
161,2024-04-19,16:30:00,10000546,900.0
162,2024-04-19,16:45:00,10000546,900.0
163,2024-04-19,17:00:00,10000546,900.0
164,2024-04-19,17:15:00,10000546,900.0
165,2024-04-19,17:30:00,10000546,900.0
166,2024-04-19,17:45:00,10000546,900.0
167,2024-04-19,18:00:00,10000546,900.0
168,2024-04-19,18:15:00,10000546,900.0
169,2024-04-19,18:30:00,10000546,900.0
170,2024-04-19,16:15:00,10000547,900.0
171,2024-04-19,16:30:00,10000547,900.0
172,2024-04-19,16:45:00,10000547,900.0
173,2024-04-19,17:00:00,10000547,900.0
174,2024-04-19,17:15:00,10000547,900.0
175,2024-04-19,17:30:00,10000547,900.0
176,2024-04-19,17:45:00,10000547,900.0
177,2024-04-19,18:00:00,10000547,900.0
178,2024-04-19,18:15:00,10000547,900.0
179,2024-04-19,18:30:00,10000547,900.0
180,2024-04-19,16:15:00,10000548,900.0
181,2024-04-19,16:30:00,10000548,900.0
182,2024-04-19,16:45:00,10000548,900.0
183,2024-04-19,17:00:00,10000548,900.0
184,2024-04-19,17:15:00,10000548,900.0
185,2024-04-19,17:30:00,10000548,900.0
186,2024-04-19,17:45:00,10000548,900.0
187,2024-04-19,18:00:00,10000548,900.0
188,2024-04-19,18:15:00,10000548,900.0
189,2024-04-19,18:30:00,10000548,900.0
190,2024-04-19,16:15:00,10001648,900.0
191,2024-04-19,16:30:00,10001648,900.0
192,2024-04-19,16:45:00,10001648,900.0
193,2024-04-19,17:00:00,10001648,900.0
194,2024-04-19,17:15:00,10001648,900.0
195,2024-04-19,17:30:00,10001648,900.0
196,2024-04-19,17:45:00,10001648,900.0
197,2024-04-19,18:00:00,10001648,900.0
198,2024-04-19,18:15:00,10001648,900.0
199,2024-04-19,18:30:00,10001648,900.0
200,2024-04-20,16:15:00,10000546,900.0
201,2024-04-20,16:30:00,10000546,900.0
202,2024-04-20,16:45:00,10000546,900.0
203,2024-04-20,17:00:00,10000546,900.0
204,2024-04-20,17:15:00,10000546,900.0
205,2024-04-20,17:30:00,10000546,900.0
206,2024-04-20,17:45:00,10000546,900.0
207,2024-04-20,18:00:00,10000546,900.0
208,2024-04-20,18:15:00,10000546,900.0
209,2024-04-20,18:30:00,10000546,900.0
210,2024-04-20,16:15:00,10000547,900.0
211,2024-04-20,16:30:00,10000547,900.0
212,2024-04-20,16:45:00,10000547,900.0
213,2024-04-20,17:00:00,10000547,900.0
214,2024-04-20,17:15:00,10000547,900.0
215,2024-04-20,17:30:00,10000547,900.0
216,2024-04-20,17:45:00,10000547,900.0
217,2024-04-20,18:00:00,10000547,900.0
218,2024-04-20,18:15:00,10000547,900.0
219,2024-04-20,18:30:00,10000547,900.0
220,2024-04-20,16:15:00,10000548,900.0
221,2024-04-20,16:30:00,10000548,900.0
222,2024-04-20,16:45:00,10000548,900.0
223,2024-04-20,17:00:00,10000548,900.0
224,2024-04-20,17:15:00,10000548,900.0
225,2024-04-20,17:30:00,10000548,900.0
226,2024-04-20,17:45:00,10000548,900.0
227,2024-04-20,18:00:00,10000548,900.0
228,2024-04-20,18:15:00,10000548,900.0
229,2024-04-20,18:30:00,10000548,900.0
230,2024-04-20,16:15:00,10001648,900.0
231,2024-04-20,16:30:00,10001648,900.0
232,2024-04-20,16:45:00,10001648,900.0
233,2024-04-20,17:00:00,10001648,900.0
234,2024-04-20,17:15:00,10001648,900.0
235,2024-04-20,17:30:00,10001648,900.0
236,2024-04-20,17:45:00,10001648,900.0
237,2024-04-20,18:00:00,10001648,900.0
238,2024-04-20,18:15:00,10001648,900.0
239,2024-04-20,18:30:00,10001648,900.0
240,2024-04-21,16:15:00,10000546,900.0
241,2024-04-21,16:30:00,10000546,900.0
242,2024-04-21,16:45:00,10000546,900.0
243,2024-04-21,17:00:00,10000546,900.0
244,2024-04-21,17:15:00,10000546,900.0
245,2024-04-21,17:30:00,10000546,900.0
246,2024-04-21,17:45:00,10000546,900.0
247,2024-04-21,18:00:00,10000546,900.0
248,2024-04-21,18:15:00,10000546,900.0
249,2024-04-21,18:30:00,10000546,900.0
250,2024-04-21,16:15:00,10000547,900.0
251,2024-04-21,16:30:00,10000547,900.0
252,2024-04-21,16:45:00,10000547,900.0
253,2024-04-21,17:00:00,10000547,900.0
254,2024-04-21,17:15:00,10000547,900.0
255,2024-04-21,17:30:00,10000547,900.0
256,2024-04-21,17:45:00,10000547,900.0
257,2024-04-21,18:00:00,10000547,900.0
258,2024-04-21,18:15:00,10000547,900.0
259,2024-04-21,18:30:00,10000547,900.0
260,2024-04-21,16:15:00,10000548,900.0
261,2024-04-21,16:30:00,10000548,900.0
262,2024-04-21,16:45:00,10000548,900.0
263,2024-04-21,17:00:00,10000548,900.0
264,2024-04-21,17:15:00,10000548,900.0
265,2024-04-21,17:30:00,10000548,900.0
266,2024-04-21,17:45:00,10000548,900.0
267,2024-04-21,18:00:00,10000548,900.0
268,2024-04-21,18:15:00,10000548,900.0
269,2024-04-21,18:30:00,10000548,900.0
270,2024-04-21,16:15:00,10001648,900.0
271,2024-04-21,16:30:00,10001648,900.0
272,2024-04-21,16:45:00,10001648,900.0
273,2024-04-21,17:00:00,10001648,900.0
274,2024-04-21,17:15:00,10001648,900.0
275,2024-04-21,17:30:00,10001648,900.0
276,2024-04-21,17:45:00,10001648,900.0
277,2024-04-21,18:00:00,10001648,900.0
278,2024-04-21,18:15:00,10001648,900.0
279,2024-04-21,18:30:00,10001648,900.0
280,2024-04-24,16:15:00,10000543,900.0
281,2024-04-24,16:30:00,10000543,900.0
282,2024-04-24,16:45:00,10000543,900.0
283,2024-04-24,17:00:00,10000543,900.0
284,2024-04-24,17:15:00,10000543,900.0
285,2024-04-24,17:30:00,10000543,900.0
286,2024-04-24,17:45:00,10000543,900.0
287,2024-04-24,18:00:00,10000543,900.0
288,2024-04-24,18:15:00,10000543,900.0
289,2024-04-24,18:30:00,10000543,900.0
290,2024-04-24,16:15:00,10000544,900.0
291,2024-04-24,16:30:00,10000544,900.0
292,2024-04-24,16:45:00,10000544,900.0
293,2024-04-24,17:00:00,10000544,900.0
294,2024-04-24,17:15:00,10000544,900.0
295,2024-04-24,17:30:00,10000544,900.0
296,2024-04-24,17:45:00,10000544,900.0
297,2024-04-24,18:00:00,10000544,900.0
298,2024-04-24,18:15:00,10000544,900.0
299,2024-04-24,18:30:00,10000544,900.0
300,2024-04-24,16:15:00,10000545,900.0
301,2024-04-24,16:30:00,10000545,900.0
302,2024-04-24,16:45:00,10000545,900.0
303,2024-04-24,17:00:00,10000545,900.0
304,2024-04-24,17:15:00,10000545,900.0
305,2024-04-24,17:30:00,10000545,900.0
306,2024-04-24,17:45:00,10000545,900.0
307,2024-04-24,18:00:00,10000545,900.0
308,2024-04-24,18:15:00,10000545,900.0
309,2024-04-24,18:30:00,10000545,900.0
310,2024-04-25,16:15:00,10000543,900.0
311,2024-04-25,16:30:00,10000543,900.0
312,2024-04-25,16:45:00,10000543,900.0
313,2024-04-25,17:00:00,10000543,900.0
314,2024-04-25,17:15:00,10000543,900.0
315,2024-04-25,17:30:00,10000543,900.0
316,2024-04-25,17:45:00,10000543,900.0
317,2024-04-25,18:00:00,10000543,900.0
318,2024-04-25,18:15:00,10000543,900.0
319,2024-04-25,18:30:00,10000543,900.0
320,2024-04-25,16:15:00,10000544,900.0
321,2024-04-25,16:30:00,10000544,900.0
322,2024-04-25,16:45:00,10000544,900.0
323,2024-04-25,17:00:00,10000544,900.0
324,2024-04-25,17:15:00,10000544,900.0
325,2024-04-25,17:30:00,10000544,900.0
326,2024-04-25,17:45:00,10000544,900.0
327,2024-04-25,18:00:00,10000544,900.0
328,2024-04-25,18:15:00,10000544,900.0
329,2024-04-25,18:30:00,10000544,900.0
330,2024-04-25,16:15:00,10000545,900.0
331,2024-04-25,16:30:00,10000545,900.0
332,2024-04-25,16:45:00,10000545,900.0
333,2024-04-25,17:00:00,10000545,900.0
334,2024-04-25,17:15:00,10000545,900.0
335,2024-04-25,17:30:00,10000545,900.0
336,2024-04-25,17:45:00,10000545,900.0
337,2024-04-25,18:00:00,10000545,900.0
338,2024-04-25,18:15:00,10000545,900.0
339,2024-04-25,18:30:00,10000545,900.0
340,2024-04-26,16:15:00,10000543,900.0
341,2024-04-26,16:30:00,10000543,900.0
342,2024-04-26,16:45:00,10000543,900.0
343,2024-04-26,17:00:00,10000543,900.0
344,2024-04-26,17:15:00,10000543,900.0
345,2024-04-26,17:30:00,10000543,900.0
346,2024-04-26,17:45:00,10000543,900.0
347,2024-04-26,18:00:00,10000543,900.0
348,2024-04-26,18:15:00,10000543,900.0
349,2024-04-26,18:30:00,10000543,900.0
350,2024-04-26,16:15:00,10000544,900.0
351,2024-04-26,16:30:00,10000544,900.0
352,2024-04-26,16:45:00,10000544,900.0
353,2024-04-26,17:00:00,10000544,900.0
354,2024-04-26,17:15:00,10000544,900.0
355,2024-04-26,17:30:00,10000544,900.0
356,2024-04-26,17:45:00,10000544,900.0
357,2024-04-26,18:00:00,10000544,900.0
358,2024-04-26,18:15:00,10000544,900.0
359,2024-04-26,18:30:00,10000544,900.0
360,2024-04-26,16:15:00,10000545,900.0
361,2024-04-26,16:30:00,10000545,900.0
362,2024-04-26,16:45:00,10000545,900.0
363,2024-04-26,17:00:00,10000545,900.0
364,2024-04-26,17:15:00,10000545,900.0
365,2024-04-26,17:30:00,10000545,900.0
366,2024-04-26,17:45:00,10000545,900.0
367,2024-04-26,18:00:00,10000545,900.0
368,2024-04-26,18:15:00,10000545,900.0
369,2024-04-26,18:30:00,10000545,900.0
370,2024-04-26,16:15:00,10000546,900.0
371,2024-04-26,16:30:00,10000546,900.0
372,2024-04-26,16:45:00,10000546,900.0
373,2024-04-26,17:00:00,10000546,900.0
374,2024-04-26,17:15:00,10000546,900.0
375,2024-04-26,17:30:00,10000546,900.0
376,2024-04-26,17:45:00,10000546,900.0
377,2024-04-26,18:00:00,10000546,900.0
378,2024-04-26,18:15:00,10000546,900.0
379,2024-04-26,18:30:00,10000546,900.0
380,2024-04-26,16:15:00,10000547,900.0
381,2024-04-26,16:30:00,10000547,900.0
382,2024-04-26,16:45:00,10000547,900.0
383,2024-04-26,17:00:00,10000547,900.0
384,2024-04-26,17:15:00,10000547,900.0
385,2024-04-26,17:30:00,10000547,900.0
386,2024-04-26,17:45:00,10000547,900.0
387,2024-04-26,18:00:00,10000547,900.0
388,2024-04-26,18:15:00,10000547,900.0
389,2024-04-26,18:30:00,10000547,900.0
390,2024-04-26,16:15:00,10000548,900.0
391,2024-04-26,16:30:00,10000548,900.0
392,2024-04-26,16:45:00,10000548,900.0
393,2024-04-26,17:00:00,10000548,900.0
394,2024-04-26,17:15:00,10000548,900.0
395,2024-04-26,17:30:00,10000548,900.0
396,2024-04-26,17:45:00,10000548,900.0
397,2024-04-26,18:00:00,10000548,900.0
398,2024-04-26,18:15:00,10000548,900.0
399,2024-04-26,18:30:00,10000548,900.0
400,2024-04-26,16:15:00,10001648,900.0
401,2024-04-26,16:30:00,10001648,900.0
402,2024-04-26,16:45:00,10001648,900.0
403,2024-04-26,17:00:00,10001648,900.0
404,2024-04-26,17:15:00,10001648,900.0
405,2024-04-26,17:30:00,10001648,900.0
406,2024-04-26,17:45:00,10001648,900.0
407,2024-04-26,18:00:00,10001648,900.0
408,2024-04-26,18:15:00,10001648,900.0
409,2024-04-26,18:30:00,10001648,900.0
410,2024-04-27,16:30:00,10000543,900.0
411,2024-04-27,17:15:00,10000543,2700.0
412,2024-04-27,17:30:00,10000543,900.0
413,2024-04-27,18:15:00,10000543,2700.0
414,2024-04-27,18:30:00,10000543,900.0
415,2024-04-27,16:30:00,10000544,900.0
416,2024-04-27,17:15:00,10000544,2700.0
417,2024-04-27,17:30:00,10000544,900.0
418,2024-04-27,18:15:00,10000544,2700.0
419,2024-04-27,18:30:00,10000544,900.0
420,2024-04-27,16:30:00,10000545,900.0
421,2024-04-27,17:15:00,10000545,2700.0
422,2024-04-27,17:30:00,10000545,900.0
423,2024-04-27,18:15:00,10000545,2700.0
424,2024-04-27,18:30:00,10000545,900.0
425,2024-04-27,16:30:00,10000546,900.0
426,2024-04-27,17:15:00,10000546,2700.0
427,2024-04-27,17:30:00,10000546,900.0
428,2024-04-27,18:15:00,10000546,2700.0
429,2024-04-27,18:30:00,10000546,900.0
430,2024-04-27,16:30:00,10000547,900.0
431,2024-04-27,17:15:00,10000547,2700.0
432,2024-04-27,17:30:00,10000547,900.0
433,2024-04-27,18:15:00,10000547,2700.0
434,2024-04-27,18:30:00,10000547,900.0
435,2024-04-27,16:30:00,10000548,900.0
436,2024-04-27,17:15:00,10000548,2700.0
437,2024-04-27,17:30:00,10000548,900.0
438,2024-04-27,18:15:00,10000548,2700.0
439,2024-04-27,18:30:00,10000548,900.0
440,2024-04-27,16:30:00,10001648,900.0
441,2024-04-27,17:15:00,10001648,2700.0
442,2024-04-27,17:30:00,10001648,900.0
443,2024-04-27,18:15:00,10001648,2700.0
444,2024-04-27,18:30:00,10001648,900.0
445,2024-04-28,16:30:00,10000543,900.0
446,2024-04-28,17:15:00,10000543,2700.0
447,2024-04-28,17:30:00,10000543,900.0
448,2024-04-28,18:15:00,10000543,2700.0
449,2024-04-28,18:30:00,10000543,900.0
450,2024-04-28,16:30:00,10000544,900.0
451,2024-04-28,17:15:00,10000544,2700.0
452,2024-04-28,17:30:00,10000544,900.0
453,2024-04-28,18:15:00,10000544,2700.0
454,2024-04-28,18:30:00,10000544,900.0
455,2024-04-28,16:30:00,10000545,900.0
456,2024-04-28,17:15:00,10000545,2700.0
457,2024-04-28,17:30:00,10000545,900.0
458,2024-04-28,18:15:00,10000545,2700.0
459,2024-04-28,18:30:00,10000545,900.0
460,2024-04-28,16:30:00,10000546,900.0
461,2024-04-28,17:15:00,10000546,2700.0
462,2024-04-28,17:30:00,10000546,900.0
463,2024-04-28,18:15:00,10000546,2700.0
464,2024-04-28,18:30:00,10000546,900.0
465,2024-04-28,16:30:00,10000547,900.0
466,2024-04-28,17:15:00,10000547,2700.0
467,2024-04-28,17:30:00,10000547,900.0
468,2024-04-28,18:15:00,10000547,2700.0
469,2024-04-28,18:30:00,10000547,900.0
470,2024-04-28,16:30:00,10000548,900.0
471,2024-04-28,17:15:00,10000548,2700.0
472,2024-04-28,17:30:00,10000548,900.0
473,2024-04-28,18:15:00,10000548,2700.0
474,2024-04-28,18:30:00,10000548,900.0
475,2024-04-28,16:30:00,10001648,900.0
476,2024-04-28,17:15:00,10001648,2700.0
477,2024-04-28,17:30:00,10001648,900.0
478,2024-04-28,18:15:00,10001648,2700.0
479,2024-04-28,18:30:00,10001648,900.0
480,2024-04-29,16:15:00,10000543,900.0
481,2024-04-29,16:30:00,10000543,900.0
482,2024-04-29,16:45:00,10000543,900.0
483,2024-04-29,17:00:00,10000543,900.0
484,2024-04-29,17:15:00,10000543,900.0
485,2024-04-29,17:30:00,10000543,900.0
486,2024-04-29,17:45:00,10000543,900.0
487,2024-04-29,18:00:00,10000543,900.0
488,2024-04-29,18:15:00,10000543,900.0
489,2024-04-29,18:30:00,10000543,900.0
490,2024-04-29,16:15:00,10000544,900.0
491,2024-04-29,16:30:00,10000544,900.0
492,2024-04-29,16:45:00,10000544,900.0
493,2024-04-29,17:00:00,10000544,900.0
494,2024-04-29,17:15:00,10000544,900.0
495,2024-04-29,17:30:00,10000544,900.0
496,2024-04-29,17:45:00,10000544,900.0
497,2024-04-29,18:00:00,10000544,900.0
498,2024-04-29,18:15:00,10000544,900.0
499,2024-04-29,18:30:00,10000544,900.0
500,2024-04-29,16:15:00,10000545,900.0
501,2024-04-29,16:30:00,10000545,900.0
502,2024-04-29,16:45:00,10000545,900.0
503,2024-04-29,17:00:00,10000545,900.0
504,2024-04-29,17:15:00,10000545,900.0
505,2024-04-29,17:30:00,10000545,900.0
506,2024-04-29,17:45:00,10000545,900.0
507,2024-04-29,18:00:00,10000545,900.0
508,2024-04-29,18:15:00,10000545,900.0
509,2024-04-29,18:30:00,10000545,900.0
510,2024-04-29,16:15:00,10000546,900.0
511,2024-04-29,16:30:00,10000546,900.0
512,2024-04-29,16:45:00,10000546,900.0
513,2024-04-29,17:00:00,10000546,900.0
514,2024-04-29,17:15:00,10000546,900.0
515,2024-04-29,17:30:00,10000546,900.0
516,2024-04-29,17:45:00,10000546,900.0
517,2024-04-29,18:00:00,10000546,900.0
518,2024-04-29,18:15:00,10000546,900.0
519,2024-04-29,18:30:00,10000546,900.0
520,2024-04-29,16:15:00,10000547,900.0
521,2024-04-29,16:30:00,10000547,900.0
522,2024-04-29,16:45:00,10000547,900.0
523,2024-04-29,17:00:00,10000547,900.0
524,2024-04-29,17:15:00,10000547,900.0
525,2024-04-29,17:30:00,10000547,900.0
526,2024-04-29,17:45:00,10000547,900.0
527,2024-04-29,18:00:00,10000547,900.0
528,2024-04-29,18:15:00,10000547,900.0
529,2024-04-29,18:30:00,10000547,900.0
530,2024-04-29,16:15:00,10000548,900.0
531,2024-04-29,16:30:00,10000548,900.0
532,2024-04-29,16:45:00,10000548,900.0
533,2024-04-29,17:00:00,10000548,900.0
534,2024-04-29,17:15:00,10000548,900.0
535,2024-04-29,17:30:00,10000548,900.0
536,2024-04-29,17:45:00,10000548,900.0
537,2024-04-29,18:00:00,10000548,900.0
538,2024-04-29,18:15:00,10000548,900.0
539,2024-04-29,18:30:00,10000548,900.0
540,2024-04-29,16:15:00,10001648,900.0
541,2024-04-29,16:30:00,10001648,900.0
542,2024-04-29,16:45:00,10001648,900.0
543,2024-04-29,17:00:00,10001648,900.0
544,2024-04-29,17:15:00,10001648,900.0
545,2024-04-29,17:30:00,10001648,900.0
546,2024-04-29,17:45:00,10001648,900.0
547,2024-04-29,18:00:00,10001648,900.0
548,2024-04-29,18:15:00,10001648,900.0
549,2024-04-29,18:30:00,10001648,900.0
550,2024-04-30,16:15:00,10000543,900.0
551,2024-04-30,16:30:00,10000543,900.0
552,2024-04-30,16:45:00,10000543,900.0
553,2024-04-30,17:00:00,10000543,900.0
554,2024-04-30,17:15:00,10000543,900.0
555,2024-04-30,17:30:00,10000543,900.0
556,2024-04-30,17:45:00,10000543,900.0
557,2024-04-30,18:00:00,10000543,900.0
558,2024-04-30,18:15:00,10000543,900.0
559,2024-04-30,18:30:00,10000543,900.0
560,2024-04-30,16:15:00,10000544,900.0
561,2024-04-30,16:30:00,10000544,900.0
562,2024-04-30,16:45:00,10000544,900.0
563,2024-04-30,17:00:00,10000544,900.0
564,2024-04-30,17:15:00,10000544,900.0
565,2024-04-30,17:30:00,10000544,900.0
566,2024-04-30,17:45:00,10000544,900.0
567,2024-04-30,18:00:00,10000544,900.0
568,2024-04-30,18:15:00,10000544,900.0
569,2024-04-30,18:30:00,10000544,900.0
570,2024-04-30,16:15:00,10000545,900.0
571,2024-04-30,16:30:00,10000545,900.0
572,2024-04-30,16:45:00,10000545,900.0
573,2024-04-30,17:00:00,10000545,900.0
574,2024-04-30,17:15:00,10000545,900.0
575,2024-04-30,17:30:00,10000545,900.0
576,2024-04-30,17:45:00,10000545,900.0
577,2024-04-30,18:00:00,10000545,900.0
578,2024-04-30,18:15:00,10000545,900.0
579,2024-04-30,18:30:00,10000545,900.0
580,2024-04-30,16:15:00,10000546,900.0
581,2024-04-30,16:30:00,10000546,900.0
582,2024-04-30,16:45:00,10000546,900.0
583,2024-04-30,17:00:00,10000546,900.0
584,2024-04-30,17:15:00,10000546,900.0
585,2024-04-30,17:30:00,10000546,900.0
586,2024-04-30,17:45:00,10000546,900.0
587,2024-04-30,18:00:00,10000546,900.0
588,2024-04-30,18:15:00,10000546,900.0
589,2024-04-30,18:30:00,10000546,900.0
590,2024-04-30,16:15:00,10000547,900.0
591,2024-04-30,16:30:00,10000547,900.0
592,2024-04-30,16:45:00,10000547,900.0
593,2024-04-30,17:00:00,10000547,900.0
594,2024-04-30,17:15:00,10000547,900.0
595,2024-04-30,17:30:00,10000547,900.0
596,2024-04-30,17:45:00,10000547,900.0
597,2024-04-30,18:00:00,10000547,900.0
598,2024-04-30,18:15:00,10000547,900.0
599,2024-04-30,18:30:00,10000547,900.0
600,2024-04-30,16:15:00,10000548,900.0
601,2024-04-30,16:30:00,10000548,900.0
602,2024-04-30,16:45:00,10000548,900.0
603,2024-04-30,17:00:00,10000548,900.0
604,2024-04-30,17:15:00,10000548,900.0
605,2024-04-30,17:30:00,10000548,900.0
606,2024-04-30,17:45:00,10000548,900.0
607,2024-04-30,18:00:00,10000548,900.0
608,2024-04-30,18:15:00,10000548,900.0
609,2024-04-30,18:30:00,10000548,900.0
610,2024-04-30,16:15:00,10001648,900.0
611,2024-04-30,16:30:00,10001648,900.0
612,2024-04-30,16:45:00,10001648,900.0
613,2024-04-30,17:00:00,10001648,900.0
614,2024-04-30,17:15:00,10001648,900.0
615,2024-04-30,17:30:00,10001648,900.0
616,2024-04-30,17:45:00,10001648,900.0
617,2024-04-30,18:00:00,10001648,900.0
618,2024-04-30,18:15:00,10001648,900.0
619,2024-04-30,18:30:00,10001648,900.0
620,2024-05-01,16:15:00,10000543,900.0
621,2024-05-01,16:30:00,10000543,900.0
622,2024-05-01,16:45:00,10000543,900.0
623,2024-05-01,17:00:00,10000543,900.0
624,2024-05-01,17:15:00,10000543,900.0
625,2024-05-01,17:30:00,10000543,900.0
626,2024-05-01,17:45:00,10000543,900.0
627,2024-05-01,18:00:00,10000543,900.0
628,2024-05-01,18:15:00,10000543,900.0
629,2024-05-01,18:30:00,10000543,900.0
630,2024-05-01,16:15:00,10000544,900.0
631,2024-05-01,16:30:00,10000544,900.0
632,2024-05-01,16:45:00,10000544,900.0
633,2024-05-01,17:00:00,10000544,900.0
634,2024-05-01,17:15:00,10000544,900.0
635,2024-05-01,17:30:00,10000544,900.0
636,2024-05-01,17:45:00,10000544,900.0
637,2024-05-01,18:00:00,10000544,900.0
638,2024-05-01,18:15:00,10000544,900.0
639,2024-05-01,18:30:00,10000544,900.0
640,2024-05-01,16:15:00,10000545,900.0
641,2024-05-01,16:30:00,10000545,900.0
642,2024-05-01,16:45:00,10000545,900.0
643,2024-05-01,17:00:00,10000545,900.0
644,2024-05-01,17:15:00,10000545,900.0
645,2024-05-01,17:30:00,10000545,900.0
646,2024-05-01,17:45:00,10000545,900.0
647,2024-05-01,18:00:00,10000545,900.0
648,2024-05-01,18:15:00,10000545,900.0
649,2024-05-01,18:30:00,10000545,900.0
650,2024-05-01,16:15:00,10000546,900.0
651,2024-05-01,16:30:00,10000546,900.0
652,2024-05-01,16:45:00,10000546,900.0
653,2024-05-01,17:00:00,10000546,900.0
654,2024-05-01,17:15:00,10000546,900.0
655,2024-05-01,17:30:00,10000546,900.0
656,2024-05-01,17:45:00,10000546,900.0
657,2024-05-01,18:00:00,10000546,900.0
658,2024-05-01,18:15:00,10000546,900.0
659,2024-05-01,18:30:00,10000546,900.0
660,2024-05-01,16:15:00,10000547,900.0
661,2024-05-01,16:30:00,10000547,900.0
662,2024-05-01,16:45:00,10000547,900.0
663,2024-05-01,17:00:00,10000547,900.0
664,2024-05-01,17:15:00,10000547,900.0
665,2024-05-01,17:30:00,10000547,900.0
666,2024-05-01,17:45:00,10000547,900.0
667,2024-05-01,18:00:00,10000547,900.0
668,2024-05-01,18:15:00,10000547,900.0
669,2024-05-01,18:30:00,10000547,900.0
670,2024-05-01,16:15:00,10000548,900.0
671,2024-05-01,16:30:00,10000548,900.0
672,2024-05-01,16:45:00,10000548,900.0
673,2024-05-01,17:00:00,10000548,900.0
674,2024-05-01,17:15:00,10000548,900.0
675,2024-05-01,17:30:00,10000548,900.0
676,2024-05-01,17:45:00,10000548,900.0
677,2024-05-01,18:00:00,10000548,900.0
678,2024-05-01,18:15:00,10000548,900.0
679,2024-05-01,18:30:00,10000548,900.0
680,2024-05-01,16:15:00,10001648,900.0
681,2024-05-01,16:30:00,10001648,900.0
682,2024-05-01,16:45:00,10001648,900.0
683,2024-05-01,17:00:00,10001648,900.0
684,2024-05-01,17:15:00,10001648,900.0
685,2024-05-01,17:30:00,10001648,900.0
686,2024-05-01,17:45:00,10001648,900.0
687,2024-05-01,18:00:00,10001648,900.0
688,2024-05-01,18:15:00,10001648,900.0
689,2024-05-01,18:30:00,10001648,900.0
690,2024-05-02,16:15:00,10000543,900.0
691,2024-05-02,16:30:00,10000543,900.0
692,2024-05-02,16:45:00,10000543,900.0
693,2024-05-02,17:00:00,10000543,900.0
694,2024-05-02,17:15:00,10000543,900.0
695,2024-05-02,17:30:00,10000543,900.0
696,2024-05-02,17:45:00,10000543,900.0
697,2024-05-02,18:00:00,10000543,900.0
698,2024-05-02,18:15:00,10000543,900.0
699,2024-05-02,18:30:00,10000543,900.0
700,2024-05-02,16:15:00,10000544,900.0
701,2024-05-02,16:30:00,10000544,900.0
702,2024-05-02,16:45:00,10000544,900.0
703,2024-05-02,17:00:00,10000544,900.0
704,2024-05-02,17:15:00,10000544,900.0
705,2024-05-02,17:30:00,10000544,900.0
706,2024-05-02,17:45:00,10000544,900.0
707,2024-05-02,18:00:00,10000544,900.0
708,2024-05-02,18:15:00,10000544,900.0
709,2024-05-02,18:30:00,10000544,900.0
710,2024-05-02,16:15:00,10000545,900.0
711,2024-05-02,16:30:00,10000545,900.0
712,2024-05-02,16:45:00,10000545,900.0
713,2024-05-02,17:00:00,10000545,900.0
714,2024-05-02,17:15:00,10000545,900.0
715,2024-05-02,17:30:00,10000545,900.0
716,2024-05-02,17:45:00,10000545,900.0
717,2024-05-02,18:00:00,10000545,900.0
718,2024-05-02,18:15:00,10000545,900.0
719,2024-05-02,18:30:00,10000545,900.0
720,2024-05-02,16:15:00,10000546,900.0
721,2024-05-02,16:30:00,10000546,900.0
722,2024-05-02,16:45:00,10000546,900.0
723,2024-05-02,17:00:00,10000546,900.0
724,2024-05-02,17:15:00,10000546,900.0
725,2024-05-02,17:30:00,10000546,900.0
726,2024-05-02,17:45:00,10000546,900.0
727,2024-05-02,18:00:00,10000546,900.0
728,2024-05-02,18:15:00,10000546,900.0
729,2024-05-02,18:30:00,10000546,900.0
730,2024-05-02,16:15:00,10000547,900.0
731,2024-05-02,16:30:00,10000547,900.0
732,2024-05-02,16:45:00,10000547,900.0
733,2024-05-02,17:00:00,10000547,900.0
734,2024-05-02,17:15:00,10000547,900.0
735,2024-05-02,17:30:00,10000547,900.0
736,2024-05-02,17:45:00,10000547,900.0
737,2024-05-02,18:00:00,10000547,900.0
738,2024-05-02,18:15:00,10000547,900.0
739,2024-05-02,18:30:00,10000547,900.0
740,2024-05-02,16:15:00,10000548,900.0
741,2024-05-02,16:30:00,10000548,900.0
742,2024-05-02,16:45:00,10000548,900.0
743,2024-05-02,17:00:00,10000548,900.0
744,2024-05-02,17:15:00,10000548,900.0
745,2024-05-02,17:30:00,10000548,900.0
746,2024-05-02,17:45:00,10000548,900.0
747,2024-05-02,18:00:00,10000548,900.0
748,2024-05-02,18:15:00,10000548,900.0
749,2024-05-02,18:30:00,10000548,900.0
750,2024-05-02,16:15:00,10001648,900.0
751,2024-05-02,16:30:00,10001648,900.0
752,2024-05-02,16:45:00,10001648,900.0
753,2024-05-02,17:00:00,10001648,900.0
754,2024-05-02,17:15:00,10001648,900.0
755,2024-05-02,17:30:00,10001648,900.0
756,2024-05-02,17:45:00,10001648,900.0
757,2024-05-02,18:00:00,10001648,900.0
758,2024-05-02,18:15:00,10001648,900.0
759,2024-05-02,18:30:00,10001648,900.0
760,2024-05-03,16:15:00,10000543,900.0
761,2024-05-03,16:30:00,10000543,900.0
762,2024-05-03,16:45:00,10000543,900.0
763,2024-05-03,17:00:00,10000543,900.0
764,2024-05-03,17:15:00,10000543,900.0
765,2024-05-03,17:30:00,10000543,900.0
766,2024-05-03,17:45:00,10000543,900.0
767,2024-05-03,18:00:00,10000543,900.0
768,2024-05-03,18:15:00,10000543,900.0
769,2024-05-03,18:30:00,10000543,900.0
770,2024-05-03,16:15:00,10000544,900.0
771,2024-05-03,16:30:00,10000544,900.0
772,2024-05-03,16:45:00,10000544,900.0
773,2024-05-03,17:00:00,10000544,900.0
774,2024-05-03,17:15:00,10000544,900.0
775,2024-05-03,17:30:00,10000544,900.0
776,2024-05-03,17:45:00,10000544,900.0
777,2024-05-03,18:00:00,10000544,900.0
778,2024-05-03,18:15:00,10000544,900.0
779,2024-05-03,18:30:00,10000544,900.0
780,2024-05-03,16:15:00,10000545,900.0
781,2024-05-03,16:30:00,10000545,900.0
782,2024-05-03,16:45:00,10000545,900.0
783,2024-05-03,17:00:00,10000545,900.0
784,2024-05-03,17:15:00,10000545,900.0
785,2024-05-03,17:30:00,10000545,900.0
786,2024-05-03,17:45:00,10000545,900.0
787,2024-05-03,18:00:00,10000545,900.0
788,2024-05-03,18:15:00,10000545,900.0
789,2024-05-03,18:30:00,10000545,900.0
790,2024-05-03,16:15:00,10000546,900.0
791,2024-05-03,16:30:00,10000546,900.0
792,2024-05-03,16:45:00,10000546,900.0
793,2024-05-03,17:00:00,10000546,900.0
794,2024-05-03,17:15:00,10000546,900.0
795,2024-05-03,17:30:00,10000546,900.0
796,2024-05-03,17:45:00,10000546,900.0
797,2024-05-03,18:00:00,10000546,900.0
798,2024-05-03,18:15:00,10000546,900.0
799,2024-05-03,18:30:00,10000546,900.0
800,2024-05-03,16:15:00,10000547,900.0
801,2024-05-03,16:30:00,10000547,900.0
802,2024-05-03,16:45:00,10000547,900.0
803,2024-05-03,17:00:00,10000547,900.0
804,2024-05-03,17:15:00,10000547,900.0
805,2024-05-03,17:30:00,10000547,900.0
806,2024-05-03,17:45:00,10000547,900.0
807,2024-05-03,18:00:00,10000547,900.0
808,2024-05-03,18:15:00,10000547,900.0
809,2024-05-03,18:30:00,10000547,900.0
810,2024-05-03,16:15:00,10000548,900.0
811,2024-05-03,16:30:00,10000548,900.0
812,2024-05-03,16:45:00,10000548,900.0
813,2024-05-03,17:00:00,10000548,900.0
814,2024-05-03,17:15:00,10000548,900.0
815,2024-05-03,17:30:00,10000548,900.0
816,2024-05-03,17:45:00,10000548,900.0
817,2024-05-03,18:00:00,10000548,900.0
818,2024-05-03,18:15:00,10000548,900.0
819,2024-05-03,18:30:00,10000548,900.0
820,2024-05-03,16:15:00,10001648,900.0
821,2024-05-03,16:30:00,10001648,900.0
822,2024-05-03,16:45:00,10001648,900.0
823,2024-05-03,17:00:00,10001648,900.0
824,2024-05-03,17:15:00,10001648,900.0
825,2024-05-03,17:30:00,10001648,900.0
826,2024-05-03,17:45:00,10001648,900.0
827,2024-05-03,18:00:00,10001648,900.0
828,2024-05-03,18:15:00,10001648,900.0
829,2024-05-03,18:30:00,10001648,900.0
830,2024-05-04,16:15:00,10000543,900.0
831,2024-05-04,16:30:00,10000543,900.0
832,2024-05-04,16:45:00,10000543,900.0
833,2024-05-04,17:00:00,10000543,900.0
834,2024-05-04,17:15:00,10000543,900.0
835,2024-05-04,17:30:00,10000543,900.0
836,2024-05-04,17:45:00,10000543,900.0
837,2024-05-04,18:00:00,10000543,900.0
838,2024-05-04,18:15:00,10000543,900.0
839,2024-05-04,18:30:00,10000543,900.0
840,2024-05-04,16:15:00,10000544,900.0
841,2024-05-04,16:30:00,10000544,900.0
842,2024-05-04,16:45:00,10000544,900.0
843,2024-05-04,17:00:00,10000544,900.0
844,2024-05-04,17:15:00,10000544,900.0
845,2024-05-04,17:30:00,10000544,900.0
846,2024-05-04,17:45:00,10000544,900.0
847,2024-05-04,18:00:00,10000544,900.0
848,2024-05-04,18:15:00,10000544,900.0
849,2024-05-04,18:30:00,10000544,900.0
850,2024-05-04,16:15:00,10000545,900.0
851,2024-05-04,16:30:00,10000545,900.0
852,2024-05-04,16:45:00,10000545,900.0
853,2024-05-04,17:00:00,10000545,900.0
854,2024-05-04,17:15:00,10000545,900.0
855,2024-05-04,17:30:00,10000545,900.0
856,2024-05-04,17:45:00,10000545,900.0
857,2024-05-04,18:00:00,10000545,900.0
858,2024-05-04,18:15:00,10000545,900.0
859,2024-05-04,18:30:00,10000545,900.0
860,2024-05-04,16:15:00,10000546,900.0
861,2024-05-04,16:30:00,10000546,900.0
862,2024-05-04,16:45:00,10000546,900.0
863,2024-05-04,17:00:00,10000546,900.0
864,2024-05-04,17:15:00,10000546,900.0
865,2024-05-04,17:30:00,10000546,900.0
866,2024-05-04,17:45:00,10000546,900.0
867,2024-05-04,18:00:00,10000546,900.0
868,2024-05-04,18:15:00,10000546,900.0
869,2024-05-04,18:30:00,10000546,900.0
870,2024-05-04,16:15:00,10000547,900.0
871,2024-05-04,16:30:00,10000547,900.0
872,2024-05-04,16:45:00,10000547,900.0
873,2024-05-04,17:00:00,10000547,900.0
874,2024-05-04,17:15:00,10000547,900.0
875,2024-05-04,17:30:00,10000547,900.0
876,2024-05-04,17:45:00,10000547,900.0
877,2024-05-04,18:00:00,10000547,900.0
878,2024-05-04,18:15:00,10000547,900.0
879,2024-05-04,18:30:00,10000547,900.0
880,2024-05-04,16:15:00,10000548,900.0
881,2024-05-04,16:30:00,10000548,900.0
882,2024-05-04,16:45:00,10000548,900.0
883,2024-05-04,17:00:00,10000548,900.0
884,2024-05-04,17:15:00,10000548,900.0
885,2024-05-04,17:30:00,10000548,900.0
886,2024-05-04,17:45:00,10000548,900.0
887,2024-05-04,18:00:00,10000548,900.0
888,2024-05-04,18:15:00,10000548,900.0
889,2024-05-04,18:30:00,10000548,900.0
890,2024-05-04,16:15:00,10001648,900.0
891,2024-05-04,16:30:00,10001648,900.0
892,2024-05-04,16:45:00,10001648,900.0
893,2024-05-04,17:00:00,10001648,900.0
894,2024-05-04,17:15:00,10001648,900.0
895,2024-05-04,17:30:00,10001648,900.0
896,2024-05-04,17:45:00,10001648,900.0
897,2024-05-04,18:00:00,10001648,900.0
898,2024-05-04,18:15:00,10001648,900.0
899,2024-05-04,18:30:00,10001648,900.0
